<?xml version="1.0" encoding="UTF-8"?>
<teamcity-plugin xmlns:xsi="http://www.w3.org/2001/XMLSchema-instance"
                 xsi:noNamespaceSchemaLocation="urn:shemas-jetbrains-com:teamcity-plugin-v1-xml">
  <info>
    <name>rest-api</name>
    <display-name>REST API</display-name>
    <version>37176</version>
    <description>Exposes TeamCity API via REST-like protocol</description>

    <vendor>
      <name>JetBrains, s.r.o.</name>
      <url>http://www.jetbrains.com</url>
    </vendor>
  </info>
  <deployment use-separate-classloader="true"/>
  <parameters>
    <parameter name="api.path">/app/rest,/app/rest/latest,/app/rest/9.1,/api</parameter>
    <parameter name="api.version">9.1</parameter>
  </parameters>
</teamcity-plugin>
